{
  "class10": {
    "chapter1": [
      {
        "question": "What is your name?",
        "marks": 1,
        "rate": 1,
        "keywords": [
          "basic",
          "simple"
        ]
      },
      {
        "question": "What is your age?",
        "marks": 2,
        "rate": 2,
        "keywords": [
          "basic",
          "simple",
          "intro"
        ]
      }
    ],
    "chapter2": [
      {
        "question": "What is your purpose2?",
        "marks": 1,
        "rate": 1,
        "keywords": [
          "basic",
          "simple"
        ]
      },
      {
        "question": "What is your age2?",
        "marks": 2,
        "rate": 2,
        "keywords": [
          "basic",
          "simple",
          "intro"
        ]
      }
    ]
  },
  "class9": {
    "chapter1": [
      {
        "question": "What is your name?",
        "marks": 1,
        "rate": 1,
        "keywords": [
          "basic",
          "simple"
        ]
      },
      {
        "question": "What is your age?",
        "marks": 2,
        "rate": 2,
        "keywords": [
          "basic",
          "simple",
          "intro"
        ]
      }
    ],
    "chapter2": [
      {
        "question": "What is your purpose2?",
        "marks": 1,
        "rate": 1,
        "keywords": [
          "basic",
          "simple"
        ]
      },
      {
        "question": "What is your age2?",
        "marks": 2,
        "rate": 2,
        "keywords": [
          "basic",
          "simple",
          "intro"
        ]
      }
    ]
  }
}