{
    "class1": {
        "chapter1": [],
        "chapter2": [],
        "chapter3": [],
        "chapter4": []
    },
    "class3": {
        "chapter1": [],
        "chapter2": [],
        "chapter3": [],
        "chapter4": []
    },
    "class2": {
        "chapter1": [],
        "chapter2": [],
        "chapter4": [],
        "chapter3": [
            {
                "question": "Sample question 001?",
                "marks": 2,
                "rate": 1,
                "keywords": "new"
            }
        ]
    },
    "class4": {
        "chapter2": [],
        "chapter3": [],
        "chapter4": [],
        "chapter1": [
            {
                "question": "Sample question 002?",
                "marks": 1,
                "rate": 2,
                "keywords": "next"
            },
            {
                "question": "Sample question 003?",
                "marks": 2,
                "rate": 1,
                "keywords": "again"
            }
        ]
    }
}